Tarih,AÅŸama,Kanal,Ã–zet,Ã–nem Derecesi,Telegramâ€™a GÃ¶nderildi mi?,Prompt Tokens,Completion Tokens,Toplam Tokens
2025-05-31 12:04,Geo Filter,conflict_tr,"ğŸ”´ CumhurbaÅŸkanÄ± ErdoÄŸan, Macaristan BaÅŸbakanÄ± Orban ile bir telefon gÃ¶rÃ¼ÅŸmesi gerÃ§ekleÅŸtirdi.",-,HayÄ±r,61,1,62
2025-05-31 12:04,Translation,conflict_tr,"ğŸ”´ CumhurbaÅŸkanÄ± ErdoÄŸan, Macaristan BaÅŸbakanÄ± Orban ile bir telefon gÃ¶rÃ¼ÅŸmesi gerÃ§ekleÅŸtirdi.",Az Ã–nemli,Evet,97,23,120
2025-05-31 12:04,Final,conflict_tr,"ğŸ”´ CumhurbaÅŸkanÄ± ErdoÄŸan, Macaristan BaÅŸbakanÄ± Orban ile bir telefon gÃ¶rÃ¼ÅŸmesi gerÃ§ekleÅŸtirdi.",Az Ã–nemli,Evet,-,-,-
2025-05-31 12:05,Geo Filter,conflict_tr,"ğŸ”´ Fransa CumhurbaÅŸkanÄ± Macron: 

â–ªï¸Ã‡in, Kuzey Kore'nin Ukrayna'daki savaÅŸa mÃ¼dahale etmesini engelle",-,HayÄ±r,91,1,92
2025-05-31 12:05,Translation,conflict_tr,"ğŸ”´ Fransa CumhurbaÅŸkanÄ± Macron: 

â–ªï¸Ã‡in, Kuzey Kore'nin Ukrayna'daki savaÅŸa mÃ¼dahale etmesini engelle",Ã–nemli,Evet,127,37,164
2025-05-31 12:05,Final,conflict_tr,"ğŸ”´ Fransa CumhurbaÅŸkanÄ± Macron: 

â–ªï¸Ã‡in, Kuzey Kore'nin Ukrayna'daki savaÅŸa mÃ¼dahale etmesini engelle",Ã–nemli,Evet,-,-,-
2025-05-31 12:07,Geo Filter,conflict_tr,"ğŸ”´ Ã‡in, ABD tarifelerinin ekonomiye olan etkisi nedeniyle 70 milyar dolarlÄ±k yeni bir paket hazÄ±rlÄ±yo",-,HayÄ±r,65,1,66
2025-05-31 12:07,Geo Filter,conflict_tr,"ğŸ”´ Politico: 

""Husiler, Ä°srail'e yÃ¶nelik saldÄ±rÄ±larÄ±nÄ± asla durdurmayacak.""",-,HayÄ±r,62,1,63
2025-05-31 12:07,Translation,conflict_tr,"ğŸ”´ Politico: 

""Husiler, Ä°srail'e yÃ¶nelik saldÄ±rÄ±larÄ±nÄ± asla durdurmayacak.""",Ã–nemli,Evet,98,25,123
2025-05-31 12:07,Final,conflict_tr,"ğŸ”´ Politico: 

""Husiler, Ä°srail'e yÃ¶nelik saldÄ±rÄ±larÄ±nÄ± asla durdurmayacak.""",Ã–nemli,Evet,-,-,-
2025-05-31 12:13,Geo Filter,conflict_tr,"ğŸ”´ Ã‡in, ABD tarifelerinin ekonomiye olan etkisi nedeniyle 70 milyar dolarlÄ±k yeni bir paket hazÄ±rlÄ±yo",-,HayÄ±r,65,1,66
2025-05-31 12:13,Geo Filter,ww3media,"ğŸ”´Hindistan Genelkurmay BaÅŸkanÄ± Anil Chauhan, â€œSindoor Operasyonuâ€ hakkÄ±nda:

â–ªï¸Pakistan hava savunma",-,HayÄ±r,112,1,113
2025-05-31 12:13,Translation,ww3media,"ğŸ”´Hindistan Genelkurmay BaÅŸkanÄ± Anil Chauhan, â€œSindoor Operasyonuâ€ hakkÄ±nda:

â–ªï¸Pakistan hava savunma",Ã‡ok Ã–nemli,Evet,148,53,201
2025-05-31 12:13,Final,ww3media,"ğŸ”´Hindistan Genelkurmay BaÅŸkanÄ± Anil Chauhan, â€œSindoor Operasyonuâ€ hakkÄ±nda:

â–ªï¸Pakistan hava savunma",Ã‡ok Ã–nemli,Evet,-,-,-
2025-05-31 12:14,Geo Filter,conflict_tr,"ğŸ”´ Ã‡in, ABD tarifelerinin ekonomiye olan etkisi nedeniyle 70 milyar dolarlÄ±k yeni bir paket hazÄ±rlÄ±yo",-,HayÄ±r,65,1,66
2025-05-31 12:14,Geo Filter,ww3media,ğŸ”´TutuklandÄ±.,-,HayÄ±r,44,1,45
2025-05-31 12:14,Geo Filter,ateobreaking,Ğ ÑƒĞ±Ğ»ÑŒ Ğ²Ğ¾ÑˆÑ‘Ğ» Ğ² Ñ‚Ğ¾Ğ¿-3 Ğ½Ğ°Ğ¸Ğ±Ğ¾Ğ»ĞµĞµ ÑƒĞºÑ€ĞµĞ¿Ğ¸Ğ²ÑˆĞ¸Ñ…ÑÑ Ğº Ğ´Ğ¾Ğ»Ğ»Ğ°Ñ€Ñƒ Ğ²Ğ°Ğ»ÑÑ‚ Ğ² Ğ¼Ğ°Ğµ,-,HayÄ±r,57,1,58
2025-05-31 12:14,Geo Filter,ateobreaking,"ĞŸĞµÑĞºĞ¾Ğ² Ğ¾ ĞœĞ°ĞºÑ€Ğ¾Ğ½Ğµ: Â«ÑĞ¾Ğ¶Ğ°Ğ»ĞµĞµĞ¼, Ñ‡Ñ‚Ğ¾ Ğ³Ğ»Ğ°Ğ²Ğ° Ğ¤Ñ€Ğ°Ğ½Ñ†Ğ¸Ğ¸ Ğ½Ğµ Ğ¿Ğ¾Ğ½Ğ¸Ğ¼Ğ°ĞµÑ‚ Ñ€ĞµĞ°Ğ»ÑŒĞ½Ğ¾Ğ³Ğ¾ Ğ¿Ğ¾Ğ»Ğ¾Ğ¶ĞµĞ½Ğ¸Ñ Ğ´ĞµĞ», ÑÑ‡Ğ¸Ñ‚Ğ°ĞµÑ‚ Ğ²Ğ¾Ğ·Ğ¼Ğ¾Ğ¶Ğ½Ñ‹",-,HayÄ±r,72,1,73
2025-05-31 12:15,Translation,ateobreaking,"ĞŸĞµÑĞºĞ¾Ğ² Ğ¾ ĞœĞ°ĞºÑ€Ğ¾Ğ½Ğµ: Â«ÑĞ¾Ğ¶Ğ°Ğ»ĞµĞµĞ¼, Ñ‡Ñ‚Ğ¾ Ğ³Ğ»Ğ°Ğ²Ğ° Ğ¤Ñ€Ğ°Ğ½Ñ†Ğ¸Ğ¸ Ğ½Ğµ Ğ¿Ğ¾Ğ½Ğ¸Ğ¼Ğ°ĞµÑ‚ Ñ€ĞµĞ°Ğ»ÑŒĞ½Ğ¾Ğ³Ğ¾ Ğ¿Ğ¾Ğ»Ğ¾Ğ¶ĞµĞ½Ğ¸Ñ Ğ´ĞµĞ», ÑÑ‡Ğ¸Ñ‚Ğ°ĞµÑ‚ Ğ²Ğ¾Ğ·Ğ¼Ğ¾Ğ¶Ğ½Ñ‹",Orta,Evet,108,34,142
2025-05-31 12:15,Final,ateobreaking,"ĞŸĞµÑĞºĞ¾Ğ² Ğ¾ ĞœĞ°ĞºÑ€Ğ¾Ğ½Ğµ: Â«ÑĞ¾Ğ¶Ğ°Ğ»ĞµĞµĞ¼, Ñ‡Ñ‚Ğ¾ Ğ³Ğ»Ğ°Ğ²Ğ° Ğ¤Ñ€Ğ°Ğ½Ñ†Ğ¸Ğ¸ Ğ½Ğµ Ğ¿Ğ¾Ğ½Ğ¸Ğ¼Ğ°ĞµÑ‚ Ñ€ĞµĞ°Ğ»ÑŒĞ½Ğ¾Ğ³Ğ¾ Ğ¿Ğ¾Ğ»Ğ¾Ğ¶ĞµĞ½Ğ¸Ñ Ğ´ĞµĞ», ÑÑ‡Ğ¸Ñ‚Ğ°ĞµÑ‚ Ğ²Ğ¾Ğ·Ğ¼Ğ¾Ğ¶Ğ½Ñ‹",Orta,Evet,-,-,-
2025-05-31 12:24,Geo Filter,conflict_tr,"ğŸ”´ CumhurbaÅŸkanÄ± ErdoÄŸan: (Osman Gazi Gemisi)

â–ªï¸300 metre uzunluÄŸunda ve 56 metre geniÅŸliÄŸindeki bu ",-,HayÄ±r,123,1,124
2025-05-31 12:24,Geo Filter,conflict_tr,ğŸ”´ Marmaray'da Ã§ocuklarÄ± yanÄ±nda olan babanÄ±n burnunu kÄ±ran ÅŸahÄ±s tutuklandÄ±.,-,HayÄ±r,60,1,61
2025-05-31 12:24,Geo Filter,conflict_tr,"ğŸ”´ CumhurbaÅŸkanÄ± ErdoÄŸan: 

â–ªï¸Ã–nÃ¼mÃ¼zdeki dÃ¶nemde Ã¶nce terÃ¶rsÃ¼z TÃ¼rkiye'ye, ardÄ±ndan da terÃ¶rsÃ¼z bÃ¶lge",-,HayÄ±r,95,1,96
2025-05-31 12:24,Translation,conflict_tr,"ğŸ”´ CumhurbaÅŸkanÄ± ErdoÄŸan: 

â–ªï¸Ã–nÃ¼mÃ¼zdeki dÃ¶nemde Ã¶nce terÃ¶rsÃ¼z TÃ¼rkiye'ye, ardÄ±ndan da terÃ¶rsÃ¼z bÃ¶lge",Ã–nemli,Evet,131,41,172
2025-05-31 12:24,Final,conflict_tr,"ğŸ”´ CumhurbaÅŸkanÄ± ErdoÄŸan: 

â–ªï¸Ã–nÃ¼mÃ¼zdeki dÃ¶nemde Ã¶nce terÃ¶rsÃ¼z TÃ¼rkiye'ye, ardÄ±ndan da terÃ¶rsÃ¼z bÃ¶lge",Ã–nemli,Evet,-,-,-
2025-05-31 12:25,Geo Filter,conflict_tr,"ğŸ”´ CumhurbaÅŸkanÄ± ErdoÄŸan: (Osman Gazi Gemisi)

â–ªï¸300 metre uzunluÄŸunda ve 56 metre geniÅŸliÄŸindeki bu ",-,HayÄ±r,123,1,124
2025-05-31 12:25,Geo Filter,conflict_tr,ğŸ”´ Marmaray'da Ã§ocuklarÄ± yanÄ±nda olan babanÄ±n burnunu kÄ±ran ÅŸahÄ±s tutuklandÄ±.,-,HayÄ±r,60,1,61
2025-05-31 12:25,Geo Filter,conflict_tr,"ğŸ”´ Ä°srail askerleri, BatÄ± Åeria'da hac iÃ§in Mekke'ye giden Filistinlileri taÅŸÄ±yan bir minibÃ¼se Ã§arptÄ±",-,HayÄ±r,73,1,74
2025-05-31 12:25,Translation,conflict_tr,"ğŸ”´ Ä°srail askerleri, BatÄ± Åeria'da hac iÃ§in Mekke'ye giden Filistinlileri taÅŸÄ±yan bir minibÃ¼se Ã§arptÄ±",Orta,Evet,109,35,144
2025-05-31 12:26,Final,conflict_tr,"ğŸ”´ Ä°srail askerleri, BatÄ± Åeria'da hac iÃ§in Mekke'ye giden Filistinlileri taÅŸÄ±yan bir minibÃ¼se Ã§arptÄ±",Orta,Evet,-,-,-
2025-05-31 12:27,Geo Filter,ww3media,ğŸ”´TutuklandÄ±.,-,HayÄ±r,44,1,45
2025-05-31 12:27,Geo Filter,ateobreaking,Ğ ÑƒĞ±Ğ»ÑŒ Ğ²Ğ¾ÑˆÑ‘Ğ» Ğ² Ñ‚Ğ¾Ğ¿-3 Ğ½Ğ°Ğ¸Ğ±Ğ¾Ğ»ĞµĞµ ÑƒĞºÑ€ĞµĞ¿Ğ¸Ğ²ÑˆĞ¸Ñ…ÑÑ Ğº Ğ´Ğ¾Ğ»Ğ»Ğ°Ñ€Ñƒ Ğ²Ğ°Ğ»ÑÑ‚ Ğ² Ğ¼Ğ°Ğµ,-,HayÄ±r,57,1,58
2025-05-31 12:27,Geo Filter,ateobreaking,"ĞŸÑ€Ğ°Ğ²Ğ¸Ñ‚ĞµĞ»ÑŒÑÑ‚Ğ²Ğ¾ Ğ Ğ¤ Ğ²Ğ½ĞµÑĞ»Ğ¾ Ğ² Ğ“Ğ¾ÑĞ´ÑƒĞ¼Ñƒ Ğ·Ğ°ĞºĞ¾Ğ½Ğ¾Ğ¿Ñ€Ğ¾ĞµĞºÑ‚ Ğ¾Ğ± Ğ¾ÑĞ²Ğ¾Ğ±Ğ¾Ğ¶Ğ´ĞµĞ½Ğ¸Ğ¸ Ğ¸Ğ½Ğ¾ÑÑ‚Ñ€Ğ°Ğ½Ğ½Ñ‹Ñ… Ğ³Ñ€Ğ°Ğ¶Ğ´Ğ°Ğ½, Ğ¿Ñ€Ğ¸ĞµĞ·Ğ¶Ğ°ÑÑ‰Ğ¸Ñ… Ğ² Ğ Ğ¤",-,HayÄ±r,86,1,87
2025-05-31 12:27,Translation,ateobreaking,"ĞŸÑ€Ğ°Ğ²Ğ¸Ñ‚ĞµĞ»ÑŒÑÑ‚Ğ²Ğ¾ Ğ Ğ¤ Ğ²Ğ½ĞµÑĞ»Ğ¾ Ğ² Ğ“Ğ¾ÑĞ´ÑƒĞ¼Ñƒ Ğ·Ğ°ĞºĞ¾Ğ½Ğ¾Ğ¿Ñ€Ğ¾ĞµĞºÑ‚ Ğ¾Ğ± Ğ¾ÑĞ²Ğ¾Ğ±Ğ¾Ğ¶Ğ´ĞµĞ½Ğ¸Ğ¸ Ğ¸Ğ½Ğ¾ÑÑ‚Ñ€Ğ°Ğ½Ğ½Ñ‹Ñ… Ğ³Ñ€Ğ°Ğ¶Ğ´Ğ°Ğ½, Ğ¿Ñ€Ğ¸ĞµĞ·Ğ¶Ğ°ÑÑ‰Ğ¸Ñ… Ğ² Ğ Ğ¤",Az Ã–nemli,Evet,122,41,163
2025-05-31 12:27,Final,ateobreaking,"ĞŸÑ€Ğ°Ğ²Ğ¸Ñ‚ĞµĞ»ÑŒÑÑ‚Ğ²Ğ¾ Ğ Ğ¤ Ğ²Ğ½ĞµÑĞ»Ğ¾ Ğ² Ğ“Ğ¾ÑĞ´ÑƒĞ¼Ñƒ Ğ·Ğ°ĞºĞ¾Ğ½Ğ¾Ğ¿Ñ€Ğ¾ĞµĞºÑ‚ Ğ¾Ğ± Ğ¾ÑĞ²Ğ¾Ğ±Ğ¾Ğ¶Ğ´ĞµĞ½Ğ¸Ğ¸ Ğ¸Ğ½Ğ¾ÑÑ‚Ñ€Ğ°Ğ½Ğ½Ñ‹Ñ… Ğ³Ñ€Ğ°Ğ¶Ğ´Ğ°Ğ½, Ğ¿Ñ€Ğ¸ĞµĞ·Ğ¶Ğ°ÑÑ‰Ğ¸Ñ… Ğ² Ğ Ğ¤",Az Ã–nemli,Evet,-,-,-
2025-05-31 12:27,Geo Filter,ateobreaking,"**â—ï¸****ĞŸÑ€Ğ°Ğ²ÑÑ‰Ğ°Ñ Ğ¿Ğ°Ñ€Ñ‚Ğ¸Ñ Ğ¢ÑƒÑ€Ñ†Ğ¸Ğ¸ Ğ¼Ğ¾Ğ¶ĞµÑ‚ Ğ²Ñ‹Ğ´Ğ²Ğ¸Ğ½ÑƒÑ‚ÑŒ Ğ­Ñ€Ğ´Ğ¾Ğ³Ğ°Ğ½Ğ° Ğ½Ğ° Ñ‚Ñ€ĞµÑ‚Ğ¸Ğ¹ ÑÑ€Ğ¾Ğº, â€” Ğ¸Ğ·Ğ´Ğ°Ğ½Ğ¸Ğµ TÃ¼rkiye
**
Ğ˜Ğ·Ğ´Ğ°Ğ½Ğ¸Ğµ",-,HayÄ±r,122,1,123
2025-05-31 12:27,Translation,ateobreaking,"**â—ï¸****ĞŸÑ€Ğ°Ğ²ÑÑ‰Ğ°Ñ Ğ¿Ğ°Ñ€Ñ‚Ğ¸Ñ Ğ¢ÑƒÑ€Ñ†Ğ¸Ğ¸ Ğ¼Ğ¾Ğ¶ĞµÑ‚ Ğ²Ñ‹Ğ´Ğ²Ğ¸Ğ½ÑƒÑ‚ÑŒ Ğ­Ñ€Ğ´Ğ¾Ğ³Ğ°Ğ½Ğ° Ğ½Ğ° Ñ‚Ñ€ĞµÑ‚Ğ¸Ğ¹ ÑÑ€Ğ¾Ğº, â€” Ğ¸Ğ·Ğ´Ğ°Ğ½Ğ¸Ğµ TÃ¼rkiye
**
Ğ˜Ğ·Ğ´Ğ°Ğ½Ğ¸Ğµ",Ã–nemli,Evet,158,51,209
2025-05-31 12:27,Final,ateobreaking,"**â—ï¸****ĞŸÑ€Ğ°Ğ²ÑÑ‰Ğ°Ñ Ğ¿Ğ°Ñ€Ñ‚Ğ¸Ñ Ğ¢ÑƒÑ€Ñ†Ğ¸Ğ¸ Ğ¼Ğ¾Ğ¶ĞµÑ‚ Ğ²Ñ‹Ğ´Ğ²Ğ¸Ğ½ÑƒÑ‚ÑŒ Ğ­Ñ€Ğ´Ğ¾Ğ³Ğ°Ğ½Ğ° Ğ½Ğ° Ñ‚Ñ€ĞµÑ‚Ğ¸Ğ¹ ÑÑ€Ğ¾Ğº, â€” Ğ¸Ğ·Ğ´Ğ°Ğ½Ğ¸Ğµ TÃ¼rkiye
**
Ğ˜Ğ·Ğ´Ğ°Ğ½Ğ¸Ğµ",Ã–nemli,Evet,-,-,-
2025-05-31 12:34,Geo Filter,conflict_tr,"ğŸ”´ CumhurbaÅŸkanÄ± ErdoÄŸan: (Osman Gazi Gemisi)

â–ªï¸300 metre uzunluÄŸunda ve 56 metre geniÅŸliÄŸindeki bu ",-,HayÄ±r,123,1,124
2025-05-31 12:34,Geo Filter,conflict_tr,ğŸ”´ Marmaray'da Ã§ocuklarÄ± yanÄ±nda olan babanÄ±n burnunu kÄ±ran ÅŸahÄ±s tutuklandÄ±.,-,HayÄ±r,60,1,61
2025-05-31 12:34,Geo Filter,ww3media,"ğŸ”´Almanya Savunma BakanÄ± Breuer, Rusyaâ€™nÄ±n 2029â€™a kadar NATOâ€™ya saldÄ±rabileceÄŸini belirterek orduya s",-,HayÄ±r,79,1,80
2025-05-31 12:34,Translation,ww3media,"ğŸ”´Almanya Savunma BakanÄ± Breuer, Rusyaâ€™nÄ±n 2029â€™a kadar NATOâ€™ya saldÄ±rabileceÄŸini belirterek orduya s",Ã–nemli,Evet,140,39,179
2025-05-31 12:34,Final,ww3media,"ğŸ”´Almanya Savunma BakanÄ± Breuer, Rusyaâ€™nÄ±n 2029â€™a kadar NATOâ€™ya saldÄ±rabileceÄŸini belirterek orduya s",Ã–nemli,Evet,-,-,-
2025-05-31 12:34,Geo Filter,ateobreaking,Ğ ÑƒĞ±Ğ»ÑŒ Ğ²Ğ¾ÑˆÑ‘Ğ» Ğ² Ñ‚Ğ¾Ğ¿-3 Ğ½Ğ°Ğ¸Ğ±Ğ¾Ğ»ĞµĞµ ÑƒĞºÑ€ĞµĞ¿Ğ¸Ğ²ÑˆĞ¸Ñ…ÑÑ Ğº Ğ´Ğ¾Ğ»Ğ»Ğ°Ñ€Ñƒ Ğ²Ğ°Ğ»ÑÑ‚ Ğ² Ğ¼Ğ°Ğµ,-,HayÄ±r,57,1,58
2025-05-31 12:46,Geo Filter,conflict_tr,"ğŸ”´ CumhurbaÅŸkanÄ± ErdoÄŸan: (Osman Gazi Gemisi)

â–ªï¸300 metre uzunluÄŸunda ve 56 metre geniÅŸliÄŸindeki bu ",-,HayÄ±r,123,1,124
2025-05-31 12:46,Geo Filter,conflict_tr,ğŸ”´ Marmaray'da Ã§ocuklarÄ± yanÄ±nda olan babanÄ±n burnunu kÄ±ran ÅŸahÄ±s tutuklandÄ±.,-,HayÄ±r,60,1,61
2025-05-31 12:46,Geo Filter,ateobreaking,**Ğ“Ğ°Ğ´Ğ°Ğ½Ğ¸Ğµ Ğ¿Ğ¾ Ğ°Ğ½ÑƒÑÑƒ ÑÑ‚Ğ°Ğ»Ğ¾ Ğ±ĞµÑÑ‚ÑĞµĞ»Ğ»ĞµÑ€Ğ¾Ğ¼ Ğ² ÑĞ¾Ñ†ÑĞµÑ‚ÑÑ…: ĞºĞ¸Ñ‚Ğ°ĞµÑ† Ğ§Ğ¶ÑƒĞ°Ğ½ Ğ®Ğ½ÑŒÑ„ÑĞ¹ Ñ€Ğ°Ğ·Ñ€Ğ°Ğ±Ğ¾Ñ‚Ğ°Ğ» Ñ†ĞµĞ»Ğ¾Ğµ ÑƒÑ‡ĞµĞ½Ğ¸Ğµ Ğ¾ Ğ¿Ñ€Ğ°Ğ²,-,HayÄ±r,115,1,116
2025-05-31 12:46,Geo Filter,ateobreaking,Ğ ÑƒĞ±Ğ»ÑŒ Ğ²Ğ¾ÑˆÑ‘Ğ» Ğ² Ñ‚Ğ¾Ğ¿-3 Ğ½Ğ°Ğ¸Ğ±Ğ¾Ğ»ĞµĞµ ÑƒĞºÑ€ĞµĞ¿Ğ¸Ğ²ÑˆĞ¸Ñ…ÑÑ Ğº Ğ´Ğ¾Ğ»Ğ»Ğ°Ñ€Ñƒ Ğ²Ğ°Ğ»ÑÑ‚ Ğ² Ğ¼Ğ°Ğµ,-,HayÄ±r,57,1,58
2025-05-31 12:51,Geo Filter,conflict_tr,"ğŸ”´ CumhurbaÅŸkanÄ± ErdoÄŸan: (Osman Gazi Gemisi)

â–ªï¸300 metre uzunluÄŸunda ve 56 metre geniÅŸliÄŸindeki bu ",-,HayÄ±r,123,1,124
2025-05-31 12:51,Geo Filter,conflict_tr,ğŸ”´ Marmaray'da Ã§ocuklarÄ± yanÄ±nda olan babanÄ±n burnunu kÄ±ran ÅŸahÄ±s tutuklandÄ±.,-,HayÄ±r,60,1,61
2025-05-31 12:51,Geo Filter,ateobreaking,**Ğ“Ğ°Ğ´Ğ°Ğ½Ğ¸Ğµ Ğ¿Ğ¾ Ğ°Ğ½ÑƒÑÑƒ ÑÑ‚Ğ°Ğ»Ğ¾ Ğ±ĞµÑÑ‚ÑĞµĞ»Ğ»ĞµÑ€Ğ¾Ğ¼ Ğ² ÑĞ¾Ñ†ÑĞµÑ‚ÑÑ…: ĞºĞ¸Ñ‚Ğ°ĞµÑ† Ğ§Ğ¶ÑƒĞ°Ğ½ Ğ®Ğ½ÑŒÑ„ÑĞ¹ Ñ€Ğ°Ğ·Ñ€Ğ°Ğ±Ğ¾Ñ‚Ğ°Ğ» Ñ†ĞµĞ»Ğ¾Ğµ ÑƒÑ‡ĞµĞ½Ğ¸Ğµ Ğ¾ Ğ¿Ñ€Ğ°Ğ²,-,HayÄ±r,115,1,116
2025-05-31 12:51,Geo Filter,ateobreaking,Ğ ÑƒĞ±Ğ»ÑŒ Ğ²Ğ¾ÑˆÑ‘Ğ» Ğ² Ñ‚Ğ¾Ğ¿-3 Ğ½Ğ°Ğ¸Ğ±Ğ¾Ğ»ĞµĞµ ÑƒĞºÑ€ĞµĞ¿Ğ¸Ğ²ÑˆĞ¸Ñ…ÑÑ Ğº Ğ´Ğ¾Ğ»Ğ»Ğ°Ñ€Ñƒ Ğ²Ğ°Ğ»ÑÑ‚ Ğ² Ğ¼Ğ°Ğµ,-,HayÄ±r,57,1,58
2025-05-31 12:56,Geo Filter,conflict_tr,"ğŸ”´ Marmaray'da Ã§ocuklarÄ±yla yolculuk yapan babanÄ±n burnunu kÄ±ran ÅŸahÄ±s:

â–ªï¸Heyecanla bir anda vurdum.",-,HayÄ±r,94,1,95
2025-05-31 12:56,Geo Filter,conflict_tr,"ğŸ”´ CumhurbaÅŸkanÄ± ErdoÄŸan: (Osman Gazi Gemisi)

â–ªï¸300 metre uzunluÄŸunda ve 56 metre geniÅŸliÄŸindeki bu ",-,HayÄ±r,123,1,124
2025-05-31 12:56,Geo Filter,conflict_tr,ğŸ”´ Marmaray'da Ã§ocuklarÄ± yanÄ±nda olan babanÄ±n burnunu kÄ±ran ÅŸahÄ±s tutuklandÄ±.,-,HayÄ±r,60,1,61
2025-05-31 12:56,Geo Filter,ateobreaking,**Ğ“Ğ°Ğ´Ğ°Ğ½Ğ¸Ğµ Ğ¿Ğ¾ Ğ°Ğ½ÑƒÑÑƒ ÑÑ‚Ğ°Ğ»Ğ¾ Ğ±ĞµÑÑ‚ÑĞµĞ»Ğ»ĞµÑ€Ğ¾Ğ¼ Ğ² ÑĞ¾Ñ†ÑĞµÑ‚ÑÑ…: ĞºĞ¸Ñ‚Ğ°ĞµÑ† Ğ§Ğ¶ÑƒĞ°Ğ½ Ğ®Ğ½ÑŒÑ„ÑĞ¹ Ñ€Ğ°Ğ·Ñ€Ğ°Ğ±Ğ¾Ñ‚Ğ°Ğ» Ñ†ĞµĞ»Ğ¾Ğµ ÑƒÑ‡ĞµĞ½Ğ¸Ğµ Ğ¾ Ğ¿Ñ€Ğ°Ğ²,-,HayÄ±r,115,1,116
2025-05-31 12:56,Geo Filter,ateobreaking,Ğ ÑƒĞ±Ğ»ÑŒ Ğ²Ğ¾ÑˆÑ‘Ğ» Ğ² Ñ‚Ğ¾Ğ¿-3 Ğ½Ğ°Ğ¸Ğ±Ğ¾Ğ»ĞµĞµ ÑƒĞºÑ€ĞµĞ¿Ğ¸Ğ²ÑˆĞ¸Ñ…ÑÑ Ğº Ğ´Ğ¾Ğ»Ğ»Ğ°Ñ€Ñƒ Ğ²Ğ°Ğ»ÑÑ‚ Ğ² Ğ¼Ğ°Ğµ,-,HayÄ±r,57,1,58
2025-05-31 13:01,Geo Filter,conflict_tr,"ğŸ”´ KudÃ¼s TugaylarÄ±, Gazze'deki Åucaiyye'de bir binada Ä°srail askerlerine pusu kurdu.",-,HayÄ±r,69,1,70
2025-05-31 13:01,Translation,conflict_tr,"ğŸ”´ KudÃ¼s TugaylarÄ±, Gazze'deki Åucaiyye'de bir binada Ä°srail askerlerine pusu kurdu.",Ã–nemli,Evet,130,30,160
2025-05-31 13:03,Final,conflict_tr,"ğŸ”´ KudÃ¼s TugaylarÄ±, Gazze'deki Åucaiyye'de bir binada Ä°srail askerlerine pusu kurdu.",Ã–nemli,Evet,-,-,-
2025-05-31 13:04,Geo Filter,conflict_tr,"ğŸ”´ Marmaray'da Ã§ocuklarÄ±yla yolculuk yapan babanÄ±n burnunu kÄ±ran ÅŸahÄ±s:

â–ªï¸Heyecanla bir anda vurdum.",-,HayÄ±r,94,1,95
2025-05-31 13:04,Geo Filter,conflict_tr,"ğŸ”´ CumhurbaÅŸkanÄ± ErdoÄŸan: (Osman Gazi Gemisi)

â–ªï¸300 metre uzunluÄŸunda ve 56 metre geniÅŸliÄŸindeki bu ",-,HayÄ±r,123,1,124
2025-05-31 13:04,Geo Filter,conflict_tr,ğŸ”´ Marmaray'da Ã§ocuklarÄ± yanÄ±nda olan babanÄ±n burnunu kÄ±ran ÅŸahÄ±s tutuklandÄ±.,-,HayÄ±r,60,1,61
2025-05-31 13:04,Geo Filter,ww3media,"ğŸš¨CumhurbaÅŸkanÄ± ErdoÄŸan: 

""Ã–nÃ¼mÃ¼zdeki dÃ¶nemde Ã¶nce TerÃ¶rsÃ¼z TÃ¼rkiye'ye, ardÄ±ndan da terÃ¶rsÃ¼z bÃ¶lgeye",-,HayÄ±r,91,1,92
2025-05-31 13:04,Geo Filter,ateobreaking,**Ğ“Ğ°Ğ´Ğ°Ğ½Ğ¸Ğµ Ğ¿Ğ¾ Ğ°Ğ½ÑƒÑÑƒ ÑÑ‚Ğ°Ğ»Ğ¾ Ğ±ĞµÑÑ‚ÑĞµĞ»Ğ»ĞµÑ€Ğ¾Ğ¼ Ğ² ÑĞ¾Ñ†ÑĞµÑ‚ÑÑ…: ĞºĞ¸Ñ‚Ğ°ĞµÑ† Ğ§Ğ¶ÑƒĞ°Ğ½ Ğ®Ğ½ÑŒÑ„ÑĞ¹ Ñ€Ğ°Ğ·Ñ€Ğ°Ğ±Ğ¾Ñ‚Ğ°Ğ» Ñ†ĞµĞ»Ğ¾Ğµ ÑƒÑ‡ĞµĞ½Ğ¸Ğµ Ğ¾ Ğ¿Ñ€Ğ°Ğ²,-,HayÄ±r,115,1,116
2025-05-31 13:04,Geo Filter,ateobreaking,Ğ ÑƒĞ±Ğ»ÑŒ Ğ²Ğ¾ÑˆÑ‘Ğ» Ğ² Ñ‚Ğ¾Ğ¿-3 Ğ½Ğ°Ğ¸Ğ±Ğ¾Ğ»ĞµĞµ ÑƒĞºÑ€ĞµĞ¿Ğ¸Ğ²ÑˆĞ¸Ñ…ÑÑ Ğº Ğ´Ğ¾Ğ»Ğ»Ğ°Ñ€Ñƒ Ğ²Ğ°Ğ»ÑÑ‚ Ğ² Ğ¼Ğ°Ğµ,-,HayÄ±r,57,1,58
2025-05-31 13:09,Geo Filter,conflict_tr,ğŸ”´ Adana'da bir dede yaÄŸmurda Ä±slanmasÄ±n diye sÄ±rtÄ±na aldÄ±ÄŸÄ± torunuyla Ä°stiklal MarÅŸÄ± bitene kadar be,-,HayÄ±r,75,1,76
2025-05-31 13:09,Geo Filter,conflict_tr,"ğŸ”´ Marmaray'da Ã§ocuklarÄ±yla yolculuk yapan babanÄ±n burnunu kÄ±ran ÅŸahÄ±s:

â–ªï¸Heyecanla bir anda vurdum.",-,HayÄ±r,94,1,95
2025-05-31 13:09,Geo Filter,conflict_tr,"ğŸ”´ CumhurbaÅŸkanÄ± ErdoÄŸan: (Osman Gazi Gemisi)

â–ªï¸300 metre uzunluÄŸunda ve 56 metre geniÅŸliÄŸindeki bu ",-,HayÄ±r,123,1,124
2025-05-31 13:09,Geo Filter,ww3media,"ğŸš¨CumhurbaÅŸkanÄ± ErdoÄŸan: 

""Ã–nÃ¼mÃ¼zdeki dÃ¶nemde Ã¶nce TerÃ¶rsÃ¼z TÃ¼rkiye'ye, ardÄ±ndan da terÃ¶rsÃ¼z bÃ¶lgeye",-,HayÄ±r,91,1,92
2025-05-31 13:09,Translation,ww3media,"ğŸš¨CumhurbaÅŸkanÄ± ErdoÄŸan: 

""Ã–nÃ¼mÃ¼zdeki dÃ¶nemde Ã¶nce TerÃ¶rsÃ¼z TÃ¼rkiye'ye, ardÄ±ndan da terÃ¶rsÃ¼z bÃ¶lgeye",Ã–nemli,Evet,152,46,198
2025-05-31 13:09,Final,ww3media,"ğŸš¨CumhurbaÅŸkanÄ± ErdoÄŸan: 

""Ã–nÃ¼mÃ¼zdeki dÃ¶nemde Ã¶nce TerÃ¶rsÃ¼z TÃ¼rkiye'ye, ardÄ±ndan da terÃ¶rsÃ¼z bÃ¶lgeye",Ã–nemli,Evet,-,-,-
2025-05-31 13:09,Geo Filter,ateobreaking,**Ğ“Ğ°Ğ´Ğ°Ğ½Ğ¸Ğµ Ğ¿Ğ¾ Ğ°Ğ½ÑƒÑÑƒ ÑÑ‚Ğ°Ğ»Ğ¾ Ğ±ĞµÑÑ‚ÑĞµĞ»Ğ»ĞµÑ€Ğ¾Ğ¼ Ğ² ÑĞ¾Ñ†ÑĞµÑ‚ÑÑ…: ĞºĞ¸Ñ‚Ğ°ĞµÑ† Ğ§Ğ¶ÑƒĞ°Ğ½ Ğ®Ğ½ÑŒÑ„ÑĞ¹ Ñ€Ğ°Ğ·Ñ€Ğ°Ğ±Ğ¾Ñ‚Ğ°Ğ» Ñ†ĞµĞ»Ğ¾Ğµ ÑƒÑ‡ĞµĞ½Ğ¸Ğµ Ğ¾ Ğ¿Ñ€Ğ°Ğ²,-,HayÄ±r,115,1,116
2025-05-31 13:09,Geo Filter,ateobreaking,Ğ ÑƒĞ±Ğ»ÑŒ Ğ²Ğ¾ÑˆÑ‘Ğ» Ğ² Ñ‚Ğ¾Ğ¿-3 Ğ½Ğ°Ğ¸Ğ±Ğ¾Ğ»ĞµĞµ ÑƒĞºÑ€ĞµĞ¿Ğ¸Ğ²ÑˆĞ¸Ñ…ÑÑ Ğº Ğ´Ğ¾Ğ»Ğ»Ğ°Ñ€Ñƒ Ğ²Ğ°Ğ»ÑÑ‚ Ğ² Ğ¼Ğ°Ğµ,-,HayÄ±r,57,1,58
2025-05-31 13:14,Geo Filter,conflict_tr,ğŸ”´ Adana'da bir dede yaÄŸmurda Ä±slanmasÄ±n diye sÄ±rtÄ±na aldÄ±ÄŸÄ± torunuyla Ä°stiklal MarÅŸÄ± bitene kadar be,-,HayÄ±r,75,1,76
2025-05-31 13:14,Geo Filter,conflict_tr,"ğŸ”´ Marmaray'da Ã§ocuklarÄ±yla yolculuk yapan babanÄ±n burnunu kÄ±ran ÅŸahÄ±s:

â–ªï¸Heyecanla bir anda vurdum.",-,HayÄ±r,94,1,95
2025-05-31 13:14,Geo Filter,conflict_tr,"ğŸ”´ CumhurbaÅŸkanÄ± ErdoÄŸan: (Osman Gazi Gemisi)

â–ªï¸300 metre uzunluÄŸunda ve 56 metre geniÅŸliÄŸindeki bu ",-,HayÄ±r,123,1,124
2025-05-31 13:14,Geo Filter,ateobreaking,"**Ğ•Ğ¡: Ğ·Ğ°ĞºĞ¾Ğ½ Ğ¾Ğ± Ğ¸Ğ½Ğ¾Ğ°Ğ³ĞµĞ½Ñ‚Ğ°Ñ… ÑĞ²Ğ»ÑĞµÑ‚ÑÑ Ğ¾Ñ‚Ñ…Ğ¾Ğ´Ğ¾Ğ¼ Ğ¾Ñ‚ Ğ´ĞµĞ¼Ğ¾ĞºÑ€Ğ°Ñ‚Ğ¸Ğ¸ Ğ² Ğ“Ñ€ÑƒĞ·Ğ¸Ğ¸**
ĞĞ± ÑÑ‚Ğ¾Ğ¼ Ğ³Ğ¾Ğ²Ğ¾Ñ€Ğ¸Ñ‚ÑÑ Ğ² ÑĞ¾Ğ²Ğ¼ĞµÑÑ‚Ğ½Ğ¾Ğ¼ Ğ·",-,HayÄ±r,211,1,212
2025-05-31 13:15,Translation,ateobreaking,"**Ğ•Ğ¡: Ğ·Ğ°ĞºĞ¾Ğ½ Ğ¾Ğ± Ğ¸Ğ½Ğ¾Ğ°Ğ³ĞµĞ½Ñ‚Ğ°Ñ… ÑĞ²Ğ»ÑĞµÑ‚ÑÑ Ğ¾Ñ‚Ñ…Ğ¾Ğ´Ğ¾Ğ¼ Ğ¾Ñ‚ Ğ´ĞµĞ¼Ğ¾ĞºÑ€Ğ°Ñ‚Ğ¸Ğ¸ Ğ² Ğ“Ñ€ÑƒĞ·Ğ¸Ğ¸**
ĞĞ± ÑÑ‚Ğ¾Ğ¼ Ğ³Ğ¾Ğ²Ğ¾Ñ€Ğ¸Ñ‚ÑÑ Ğ² ÑĞ¾Ğ²Ğ¼ĞµÑÑ‚Ğ½Ğ¾Ğ¼ Ğ·",Ã–nemli,Evet,272,59,331
2025-05-31 13:15,Final,ateobreaking,"**Ğ•Ğ¡: Ğ·Ğ°ĞºĞ¾Ğ½ Ğ¾Ğ± Ğ¸Ğ½Ğ¾Ğ°Ğ³ĞµĞ½Ñ‚Ğ°Ñ… ÑĞ²Ğ»ÑĞµÑ‚ÑÑ Ğ¾Ñ‚Ñ…Ğ¾Ğ´Ğ¾Ğ¼ Ğ¾Ñ‚ Ğ´ĞµĞ¼Ğ¾ĞºÑ€Ğ°Ñ‚Ğ¸Ğ¸ Ğ² Ğ“Ñ€ÑƒĞ·Ğ¸Ğ¸**
ĞĞ± ÑÑ‚Ğ¾Ğ¼ Ğ³Ğ¾Ğ²Ğ¾Ñ€Ğ¸Ñ‚ÑÑ Ğ² ÑĞ¾Ğ²Ğ¼ĞµÑÑ‚Ğ½Ğ¾Ğ¼ Ğ·",Ã–nemli,Evet,-,-,-
2025-05-31 13:15,Geo Filter,ateobreaking,**Ğ“Ğ°Ğ´Ğ°Ğ½Ğ¸Ğµ Ğ¿Ğ¾ Ğ°Ğ½ÑƒÑÑƒ ÑÑ‚Ğ°Ğ»Ğ¾ Ğ±ĞµÑÑ‚ÑĞµĞ»Ğ»ĞµÑ€Ğ¾Ğ¼ Ğ² ÑĞ¾Ñ†ÑĞµÑ‚ÑÑ…: ĞºĞ¸Ñ‚Ğ°ĞµÑ† Ğ§Ğ¶ÑƒĞ°Ğ½ Ğ®Ğ½ÑŒÑ„ÑĞ¹ Ñ€Ğ°Ğ·Ñ€Ğ°Ğ±Ğ¾Ñ‚Ğ°Ğ» Ñ†ĞµĞ»Ğ¾Ğµ ÑƒÑ‡ĞµĞ½Ğ¸Ğµ Ğ¾ Ğ¿Ñ€Ğ°Ğ²,-,HayÄ±r,115,1,116
2025-05-31 13:15,Geo Filter,ateobreaking,Ğ ÑƒĞ±Ğ»ÑŒ Ğ²Ğ¾ÑˆÑ‘Ğ» Ğ² Ñ‚Ğ¾Ğ¿-3 Ğ½Ğ°Ğ¸Ğ±Ğ¾Ğ»ĞµĞµ ÑƒĞºÑ€ĞµĞ¿Ğ¸Ğ²ÑˆĞ¸Ñ…ÑÑ Ğº Ğ´Ğ¾Ğ»Ğ»Ğ°Ñ€Ñƒ Ğ²Ğ°Ğ»ÑÑ‚ Ğ² Ğ¼Ğ°Ğµ,-,HayÄ±r,57,1,58
2025-05-31 13:20,Geo Filter,conflict_tr,ğŸ”´ Adana'da bir dede yaÄŸmurda Ä±slanmasÄ±n diye sÄ±rtÄ±na aldÄ±ÄŸÄ± torunuyla Ä°stiklal MarÅŸÄ± bitene kadar be,-,HayÄ±r,75,1,76
2025-05-31 13:20,Geo Filter,conflict_tr,"ğŸ”´ Marmaray'da Ã§ocuklarÄ±yla yolculuk yapan babanÄ±n burnunu kÄ±ran ÅŸahÄ±s:

â–ªï¸Heyecanla bir anda vurdum.",-,HayÄ±r,94,1,95
2025-05-31 13:20,Geo Filter,conflict_tr,"ğŸ”´ CumhurbaÅŸkanÄ± ErdoÄŸan: (Osman Gazi Gemisi)

â–ªï¸300 metre uzunluÄŸunda ve 56 metre geniÅŸliÄŸindeki bu ",-,HayÄ±r,123,1,124
2025-05-31 13:20,Geo Filter,ateobreaking,**Ğ“Ğ°Ğ´Ğ°Ğ½Ğ¸Ğµ Ğ¿Ğ¾ Ğ°Ğ½ÑƒÑÑƒ ÑÑ‚Ğ°Ğ»Ğ¾ Ğ±ĞµÑÑ‚ÑĞµĞ»Ğ»ĞµÑ€Ğ¾Ğ¼ Ğ² ÑĞ¾Ñ†ÑĞµÑ‚ÑÑ…: ĞºĞ¸Ñ‚Ğ°ĞµÑ† Ğ§Ğ¶ÑƒĞ°Ğ½ Ğ®Ğ½ÑŒÑ„ÑĞ¹ Ñ€Ğ°Ğ·Ñ€Ğ°Ğ±Ğ¾Ñ‚Ğ°Ğ» Ñ†ĞµĞ»Ğ¾Ğµ ÑƒÑ‡ĞµĞ½Ğ¸Ğµ Ğ¾ Ğ¿Ñ€Ğ°Ğ²,-,HayÄ±r,115,1,116
2025-05-31 13:20,Geo Filter,ateobreaking,Ğ ÑƒĞ±Ğ»ÑŒ Ğ²Ğ¾ÑˆÑ‘Ğ» Ğ² Ñ‚Ğ¾Ğ¿-3 Ğ½Ğ°Ğ¸Ğ±Ğ¾Ğ»ĞµĞµ ÑƒĞºÑ€ĞµĞ¿Ğ¸Ğ²ÑˆĞ¸Ñ…ÑÑ Ğº Ğ´Ğ¾Ğ»Ğ»Ğ°Ñ€Ñƒ Ğ²Ğ°Ğ»ÑÑ‚ Ğ² Ğ¼Ğ°Ğµ,-,HayÄ±r,57,1,58
2025-05-31 13:25,Geo Filter,conflict_tr,"ğŸ”´ CumhurbaÅŸkanÄ± ErdoÄŸan:

â–ªï¸Ãœlke ve millet sevdalÄ±sÄ± genÃ§lerimizle gurur duyuyorum. 

â–ªï¸GenÃ§ mÃ¼hendi",-,HayÄ±r,86,1,87
2025-05-31 13:25,Geo Filter,conflict_tr,ğŸ”´ Adana'da bir dede yaÄŸmurda Ä±slanmasÄ±n diye sÄ±rtÄ±na aldÄ±ÄŸÄ± torunuyla Ä°stiklal MarÅŸÄ± bitene kadar be,-,HayÄ±r,75,1,76
2025-05-31 13:25,Geo Filter,conflict_tr,"ğŸ”´ Marmaray'da Ã§ocuklarÄ±yla yolculuk yapan babanÄ±n burnunu kÄ±ran ÅŸahÄ±s:

â–ªï¸Heyecanla bir anda vurdum.",-,HayÄ±r,94,1,95
2025-05-31 13:25,Geo Filter,ateobreaking,**Ğ“Ğ°Ğ´Ğ°Ğ½Ğ¸Ğµ Ğ¿Ğ¾ Ğ°Ğ½ÑƒÑÑƒ ÑÑ‚Ğ°Ğ»Ğ¾ Ğ±ĞµÑÑ‚ÑĞµĞ»Ğ»ĞµÑ€Ğ¾Ğ¼ Ğ² ÑĞ¾Ñ†ÑĞµÑ‚ÑÑ…: ĞºĞ¸Ñ‚Ğ°ĞµÑ† Ğ§Ğ¶ÑƒĞ°Ğ½ Ğ®Ğ½ÑŒÑ„ÑĞ¹ Ñ€Ğ°Ğ·Ñ€Ğ°Ğ±Ğ¾Ñ‚Ğ°Ğ» Ñ†ĞµĞ»Ğ¾Ğµ ÑƒÑ‡ĞµĞ½Ğ¸Ğµ Ğ¾ Ğ¿Ñ€Ğ°Ğ²,-,HayÄ±r,115,1,116
2025-05-31 13:25,Geo Filter,ateobreaking,Ğ ÑƒĞ±Ğ»ÑŒ Ğ²Ğ¾ÑˆÑ‘Ğ» Ğ² Ñ‚Ğ¾Ğ¿-3 Ğ½Ğ°Ğ¸Ğ±Ğ¾Ğ»ĞµĞµ ÑƒĞºÑ€ĞµĞ¿Ğ¸Ğ²ÑˆĞ¸Ñ…ÑÑ Ğº Ğ´Ğ¾Ğ»Ğ»Ğ°Ñ€Ñƒ Ğ²Ğ°Ğ»ÑÑ‚ Ğ² Ğ¼Ğ°Ğµ,-,HayÄ±r,57,1,58
2025-05-31 13:30,Geo Filter,conflict_tr,"ğŸ”´ Suriye CumhurbaÅŸkanÄ± Ahmed Åara, Suudi Arabistan DÄ±ÅŸiÅŸleri BakanÄ± ve beraberindeki ekonomi heyeti ",-,HayÄ±r,74,1,75
2025-05-31 13:30,Translation,conflict_tr,"ğŸ”´ Suriye CumhurbaÅŸkanÄ± Ahmed Åara, Suudi Arabistan DÄ±ÅŸiÅŸleri BakanÄ± ve beraberindeki ekonomi heyeti ",Ã–nemli,Evet,135,32,167
2025-05-31 13:30,Final,conflict_tr,"ğŸ”´ Suriye CumhurbaÅŸkanÄ± Ahmed Åara, Suudi Arabistan DÄ±ÅŸiÅŸleri BakanÄ± ve beraberindeki ekonomi heyeti ",Ã–nemli,Evet,-,-,-
2025-05-31 13:31,Geo Filter,conflict_tr,"ğŸ”´ CumhurbaÅŸkanÄ± ErdoÄŸan:

â–ªï¸Ãœlke ve millet sevdalÄ±sÄ± genÃ§lerimizle gurur duyuyorum. 

â–ªï¸GenÃ§ mÃ¼hendi",-,HayÄ±r,86,1,87
2025-05-31 13:31,Geo Filter,ateobreaking,**Ğ“Ğ°Ğ´Ğ°Ğ½Ğ¸Ğµ Ğ¿Ğ¾ Ğ°Ğ½ÑƒÑÑƒ ÑÑ‚Ğ°Ğ»Ğ¾ Ğ±ĞµÑÑ‚ÑĞµĞ»Ğ»ĞµÑ€Ğ¾Ğ¼ Ğ² ÑĞ¾Ñ†ÑĞµÑ‚ÑÑ…: ĞºĞ¸Ñ‚Ğ°ĞµÑ† Ğ§Ğ¶ÑƒĞ°Ğ½ Ğ®Ğ½ÑŒÑ„ÑĞ¹ Ñ€Ğ°Ğ·Ñ€Ğ°Ğ±Ğ¾Ñ‚Ğ°Ğ» Ñ†ĞµĞ»Ğ¾Ğµ ÑƒÑ‡ĞµĞ½Ğ¸Ğµ Ğ¾ Ğ¿Ñ€Ğ°Ğ²,-,HayÄ±r,115,1,116
2025-05-31 13:31,Geo Filter,ateobreaking,Ğ ÑƒĞ±Ğ»ÑŒ Ğ²Ğ¾ÑˆÑ‘Ğ» Ğ² Ñ‚Ğ¾Ğ¿-3 Ğ½Ğ°Ğ¸Ğ±Ğ¾Ğ»ĞµĞµ ÑƒĞºÑ€ĞµĞ¿Ğ¸Ğ²ÑˆĞ¸Ñ…ÑÑ Ğº Ğ´Ğ¾Ğ»Ğ»Ğ°Ñ€Ñƒ Ğ²Ğ°Ğ»ÑÑ‚ Ğ² Ğ¼Ğ°Ğµ,-,HayÄ±r,57,1,58
2025-05-31 13:36,Geo Filter,conflict_tr,"ğŸ”´ CumhurbaÅŸkanÄ± ErdoÄŸan:

â–ªï¸Ãœlke ve millet sevdalÄ±sÄ± genÃ§lerimizle gurur duyuyorum. 

â–ªï¸GenÃ§ mÃ¼hendi",-,HayÄ±r,86,1,87
2025-05-31 13:36,Geo Filter,ateobreaking,"**ĞĞ¿Ğ¿Ğ¾Ğ·Ğ¸Ñ†Ğ¸Ğ¾Ğ½Ğ½Ñ‹Ğ¹ ÑĞ»ĞµĞºÑ‚Ğ¾Ñ€Ğ°Ñ‚ Ğ¾Ğ±Ğ¾Ğ·Ğ½Ğ°Ñ‡Ğ¸Ğ» Ñ„Ğ°Ğ²Ğ¾Ñ€Ğ¸Ñ‚Ğ¾Ğ² Ğ½Ğ° Ğ²Ñ‹Ğ±Ğ¾Ñ€Ğ°Ñ… Ğ² Ğ“Ğ¾ÑĞ´ÑƒĞ¼Ñƒ-2026**

ĞŸĞ¾ Ğ¾Ğ¿Ñ€Ğ¾ÑÑƒ ĞĞ°Ğ´ĞµĞ¶Ğ´Ğ¸Ğ½Ğ° (10 Ñ‚",-,HayÄ±r,150,1,151
2025-05-31 13:36,Geo Filter,ateobreaking,**Ğ“Ğ°Ğ´Ğ°Ğ½Ğ¸Ğµ Ğ¿Ğ¾ Ğ°Ğ½ÑƒÑÑƒ ÑÑ‚Ğ°Ğ»Ğ¾ Ğ±ĞµÑÑ‚ÑĞµĞ»Ğ»ĞµÑ€Ğ¾Ğ¼ Ğ² ÑĞ¾Ñ†ÑĞµÑ‚ÑÑ…: ĞºĞ¸Ñ‚Ğ°ĞµÑ† Ğ§Ğ¶ÑƒĞ°Ğ½ Ğ®Ğ½ÑŒÑ„ÑĞ¹ Ñ€Ğ°Ğ·Ñ€Ğ°Ğ±Ğ¾Ñ‚Ğ°Ğ» Ñ†ĞµĞ»Ğ¾Ğµ ÑƒÑ‡ĞµĞ½Ğ¸Ğµ Ğ¾ Ğ¿Ñ€Ğ°Ğ²,-,HayÄ±r,115,1,116
2025-05-31 13:36,Geo Filter,ateobreaking,Ğ ÑƒĞ±Ğ»ÑŒ Ğ²Ğ¾ÑˆÑ‘Ğ» Ğ² Ñ‚Ğ¾Ğ¿-3 Ğ½Ğ°Ğ¸Ğ±Ğ¾Ğ»ĞµĞµ ÑƒĞºÑ€ĞµĞ¿Ğ¸Ğ²ÑˆĞ¸Ñ…ÑÑ Ğº Ğ´Ğ¾Ğ»Ğ»Ğ°Ñ€Ñƒ Ğ²Ğ°Ğ»ÑÑ‚ Ğ² Ğ¼Ğ°Ğµ,-,HayÄ±r,57,1,58
2025-05-31 13:41,Geo Filter,conflict_tr,"ğŸ”´ CumhurbaÅŸkanÄ± ErdoÄŸan:

â–ªï¸Ãœlke ve millet sevdalÄ±sÄ± genÃ§lerimizle gurur duyuyorum. 

â–ªï¸GenÃ§ mÃ¼hendi",-,HayÄ±r,86,1,87
2025-05-31 13:41,Geo Filter,ateobreaking,"**ĞĞ¿Ğ¿Ğ¾Ğ·Ğ¸Ñ†Ğ¸Ğ¾Ğ½Ğ½Ñ‹Ğ¹ ÑĞ»ĞµĞºÑ‚Ğ¾Ñ€Ğ°Ñ‚ Ğ¾Ğ±Ğ¾Ğ·Ğ½Ğ°Ñ‡Ğ¸Ğ» Ñ„Ğ°Ğ²Ğ¾Ñ€Ğ¸Ñ‚Ğ¾Ğ² Ğ½Ğ° Ğ²Ñ‹Ğ±Ğ¾Ñ€Ğ°Ñ… Ğ² Ğ“Ğ¾ÑĞ´ÑƒĞ¼Ñƒ-2026**

ĞŸĞ¾ Ğ¾Ğ¿Ñ€Ğ¾ÑÑƒ ĞĞ°Ğ´ĞµĞ¶Ğ´Ğ¸Ğ½Ğ° (10 Ñ‚",-,HayÄ±r,150,1,151
2025-05-31 13:41,Geo Filter,ateobreaking,**Ğ“Ğ°Ğ´Ğ°Ğ½Ğ¸Ğµ Ğ¿Ğ¾ Ğ°Ğ½ÑƒÑÑƒ ÑÑ‚Ğ°Ğ»Ğ¾ Ğ±ĞµÑÑ‚ÑĞµĞ»Ğ»ĞµÑ€Ğ¾Ğ¼ Ğ² ÑĞ¾Ñ†ÑĞµÑ‚ÑÑ…: ĞºĞ¸Ñ‚Ğ°ĞµÑ† Ğ§Ğ¶ÑƒĞ°Ğ½ Ğ®Ğ½ÑŒÑ„ÑĞ¹ Ñ€Ğ°Ğ·Ñ€Ğ°Ğ±Ğ¾Ñ‚Ğ°Ğ» Ñ†ĞµĞ»Ğ¾Ğµ ÑƒÑ‡ĞµĞ½Ğ¸Ğµ Ğ¾ Ğ¿Ñ€Ğ°Ğ²,-,HayÄ±r,115,1,116
2025-05-31 13:41,Geo Filter,ateobreaking,Ğ ÑƒĞ±Ğ»ÑŒ Ğ²Ğ¾ÑˆÑ‘Ğ» Ğ² Ñ‚Ğ¾Ğ¿-3 Ğ½Ğ°Ğ¸Ğ±Ğ¾Ğ»ĞµĞµ ÑƒĞºÑ€ĞµĞ¿Ğ¸Ğ²ÑˆĞ¸Ñ…ÑÑ Ğº Ğ´Ğ¾Ğ»Ğ»Ğ°Ñ€Ñƒ Ğ²Ğ°Ğ»ÑÑ‚ Ğ² Ğ¼Ğ°Ğµ,-,HayÄ±r,57,1,58
2025-05-31 13:46,Geo Filter,conflict_tr,"ğŸ”´ CumhurbaÅŸkanÄ± ErdoÄŸan:

â–ªï¸Ãœlke ve millet sevdalÄ±sÄ± genÃ§lerimizle gurur duyuyorum. 

â–ªï¸GenÃ§ mÃ¼hendi",-,HayÄ±r,86,1,87
2025-05-31 13:46,Geo Filter,ateobreaking,"**ĞĞ¿Ğ¿Ğ¾Ğ·Ğ¸Ñ†Ğ¸Ğ¾Ğ½Ğ½Ñ‹Ğ¹ ÑĞ»ĞµĞºÑ‚Ğ¾Ñ€Ğ°Ñ‚ Ğ¾Ğ±Ğ¾Ğ·Ğ½Ğ°Ñ‡Ğ¸Ğ» Ñ„Ğ°Ğ²Ğ¾Ñ€Ğ¸Ñ‚Ğ¾Ğ² Ğ½Ğ° Ğ²Ñ‹Ğ±Ğ¾Ñ€Ğ°Ñ… Ğ² Ğ“Ğ¾ÑĞ´ÑƒĞ¼Ñƒ-2026**

ĞŸĞ¾ Ğ¾Ğ¿Ñ€Ğ¾ÑÑƒ ĞĞ°Ğ´ĞµĞ¶Ğ´Ğ¸Ğ½Ğ° (10 Ñ‚",-,HayÄ±r,150,1,151
2025-05-31 13:46,Geo Filter,ateobreaking,**Ğ“Ğ°Ğ´Ğ°Ğ½Ğ¸Ğµ Ğ¿Ğ¾ Ğ°Ğ½ÑƒÑÑƒ ÑÑ‚Ğ°Ğ»Ğ¾ Ğ±ĞµÑÑ‚ÑĞµĞ»Ğ»ĞµÑ€Ğ¾Ğ¼ Ğ² ÑĞ¾Ñ†ÑĞµÑ‚ÑÑ…: ĞºĞ¸Ñ‚Ğ°ĞµÑ† Ğ§Ğ¶ÑƒĞ°Ğ½ Ğ®Ğ½ÑŒÑ„ÑĞ¹ Ñ€Ğ°Ğ·Ñ€Ğ°Ğ±Ğ¾Ñ‚Ğ°Ğ» Ñ†ĞµĞ»Ğ¾Ğµ ÑƒÑ‡ĞµĞ½Ğ¸Ğµ Ğ¾ Ğ¿Ñ€Ğ°Ğ²,-,HayÄ±r,115,1,116
2025-05-31 13:46,Geo Filter,ateobreaking,Ğ ÑƒĞ±Ğ»ÑŒ Ğ²Ğ¾ÑˆÑ‘Ğ» Ğ² Ñ‚Ğ¾Ğ¿-3 Ğ½Ğ°Ğ¸Ğ±Ğ¾Ğ»ĞµĞµ ÑƒĞºÑ€ĞµĞ¿Ğ¸Ğ²ÑˆĞ¸Ñ…ÑÑ Ğº Ğ´Ğ¾Ğ»Ğ»Ğ°Ñ€Ñƒ Ğ²Ğ°Ğ»ÑÑ‚ Ğ² Ğ¼Ğ°Ğµ,-,HayÄ±r,57,1,58
2025-05-31 13:51,Geo Filter,conflict_tr,"ğŸ”´ CumhurbaÅŸkanÄ± ErdoÄŸan:

â–ªï¸Ãœlke ve millet sevdalÄ±sÄ± genÃ§lerimizle gurur duyuyorum. 

â–ªï¸GenÃ§ mÃ¼hendi",-,HayÄ±r,86,1,87
2025-05-31 13:51,Geo Filter,ww3media,"ğŸ”´CumhurbaÅŸkanÄ± ErdoÄŸan:

Alparslan, Osman Gazi, Fatih, AbdÃ¼lhamit Han deyince birileri rahatsÄ±z oluy",-,HayÄ±r,98,1,99
2025-05-31 13:51,Geo Filter,ateobreaking,Ğ¢Ğ¸Ğ³Ñ€Ğ°Ğ½ ĞšĞµĞ¾ÑĞ°ÑĞ½ 160 Ğ´Ğ½ĞµĞ¹ Ğ² ĞºĞ¾Ğ¼Ğµ â€” Ateo Breaking,-,HayÄ±r,55,1,56
2025-05-31 13:51,Geo Filter,ateobreaking,"**ĞĞ¿Ğ¿Ğ¾Ğ·Ğ¸Ñ†Ğ¸Ğ¾Ğ½Ğ½Ñ‹Ğ¹ ÑĞ»ĞµĞºÑ‚Ğ¾Ñ€Ğ°Ñ‚ Ğ¾Ğ±Ğ¾Ğ·Ğ½Ğ°Ñ‡Ğ¸Ğ» Ñ„Ğ°Ğ²Ğ¾Ñ€Ğ¸Ñ‚Ğ¾Ğ² Ğ½Ğ° Ğ²Ñ‹Ğ±Ğ¾Ñ€Ğ°Ñ… Ğ² Ğ“Ğ¾ÑĞ´ÑƒĞ¼Ñƒ-2026**

ĞŸĞ¾ Ğ¾Ğ¿Ñ€Ğ¾ÑÑƒ ĞĞ°Ğ´ĞµĞ¶Ğ´Ğ¸Ğ½Ğ° (10 Ñ‚",-,HayÄ±r,150,1,151
2025-05-31 13:51,Geo Filter,ateobreaking,**Ğ“Ğ°Ğ´Ğ°Ğ½Ğ¸Ğµ Ğ¿Ğ¾ Ğ°Ğ½ÑƒÑÑƒ ÑÑ‚Ğ°Ğ»Ğ¾ Ğ±ĞµÑÑ‚ÑĞµĞ»Ğ»ĞµÑ€Ğ¾Ğ¼ Ğ² ÑĞ¾Ñ†ÑĞµÑ‚ÑÑ…: ĞºĞ¸Ñ‚Ğ°ĞµÑ† Ğ§Ğ¶ÑƒĞ°Ğ½ Ğ®Ğ½ÑŒÑ„ÑĞ¹ Ñ€Ğ°Ğ·Ñ€Ğ°Ğ±Ğ¾Ñ‚Ğ°Ğ» Ñ†ĞµĞ»Ğ¾Ğµ ÑƒÑ‡ĞµĞ½Ğ¸Ğµ Ğ¾ Ğ¿Ñ€Ğ°Ğ²,-,HayÄ±r,115,1,116
2025-05-31 13:56,Geo Filter,conflict_tr,"ğŸ”´ CumhurbaÅŸkanÄ± ErdoÄŸan:

â–ªï¸Ãœlke ve millet sevdalÄ±sÄ± genÃ§lerimizle gurur duyuyorum. 

â–ªï¸GenÃ§ mÃ¼hendi",-,HayÄ±r,86,1,87
2025-05-31 13:56,Geo Filter,ww3media,"ğŸš¨Paris'te Yahudilere ait Ä°ki sinagog, bir koÅŸer restoran ve bir Holokost anÄ±tÄ±na saldÄ±rÄ± dÃ¼zenlendi.",-,HayÄ±r,70,1,71
2025-05-31 13:56,Geo Filter,ateobreaking,Ğ¢Ğ¸Ğ³Ñ€Ğ°Ğ½ ĞšĞµĞ¾ÑĞ°ÑĞ½ 160 Ğ´Ğ½ĞµĞ¹ Ğ² ĞºĞ¾Ğ¼Ğµ â€” Ateo Breaking,-,HayÄ±r,55,1,56
2025-05-31 13:56,Geo Filter,ateobreaking,"**ĞĞ¿Ğ¿Ğ¾Ğ·Ğ¸Ñ†Ğ¸Ğ¾Ğ½Ğ½Ñ‹Ğ¹ ÑĞ»ĞµĞºÑ‚Ğ¾Ñ€Ğ°Ñ‚ Ğ¾Ğ±Ğ¾Ğ·Ğ½Ğ°Ñ‡Ğ¸Ğ» Ñ„Ğ°Ğ²Ğ¾Ñ€Ğ¸Ñ‚Ğ¾Ğ² Ğ½Ğ° Ğ²Ñ‹Ğ±Ğ¾Ñ€Ğ°Ñ… Ğ² Ğ“Ğ¾ÑĞ´ÑƒĞ¼Ñƒ-2026**

ĞŸĞ¾ Ğ¾Ğ¿Ñ€Ğ¾ÑÑƒ ĞĞ°Ğ´ĞµĞ¶Ğ´Ğ¸Ğ½Ğ° (10 Ñ‚",-,HayÄ±r,150,1,151
2025-05-31 13:56,Geo Filter,ateobreaking,**Ğ“Ğ°Ğ´Ğ°Ğ½Ğ¸Ğµ Ğ¿Ğ¾ Ğ°Ğ½ÑƒÑÑƒ ÑÑ‚Ğ°Ğ»Ğ¾ Ğ±ĞµÑÑ‚ÑĞµĞ»Ğ»ĞµÑ€Ğ¾Ğ¼ Ğ² ÑĞ¾Ñ†ÑĞµÑ‚ÑÑ…: ĞºĞ¸Ñ‚Ğ°ĞµÑ† Ğ§Ğ¶ÑƒĞ°Ğ½ Ğ®Ğ½ÑŒÑ„ÑĞ¹ Ñ€Ğ°Ğ·Ñ€Ğ°Ğ±Ğ¾Ñ‚Ğ°Ğ» Ñ†ĞµĞ»Ğ¾Ğµ ÑƒÑ‡ĞµĞ½Ğ¸Ğµ Ğ¾ Ğ¿Ñ€Ğ°Ğ²,-,HayÄ±r,115,1,116
2025-05-31 14:01,Geo Filter,conflict_tr,"ğŸš¨ Kassam TugaylarÄ±, Beyt Lahya'da bir Ä°srail askerini pusuya dÃ¼ÅŸÃ¼rerek Ã¶ldÃ¼rdÃ¼.",-,HayÄ±r,67,1,68
2025-05-31 14:01,Translation,conflict_tr,"ğŸš¨ Kassam TugaylarÄ±, Beyt Lahya'da bir Ä°srail askerini pusuya dÃ¼ÅŸÃ¼rerek Ã¶ldÃ¼rdÃ¼.",Ã–nemli,Evet,128,29,157
2025-05-31 14:01,Final,conflict_tr,"ğŸš¨ Kassam TugaylarÄ±, Beyt Lahya'da bir Ä°srail askerini pusuya dÃ¼ÅŸÃ¼rerek Ã¶ldÃ¼rdÃ¼.",Ã–nemli,Evet,-,-,-
2025-05-31 14:02,Geo Filter,conflict_tr,"ğŸ”´ Ä°ran %60 zenginleÅŸtirilmiÅŸ uranyum Ã¼retimini hÄ±zlandÄ±rdÄ±. 

â–ªï¸42 kilogram %60 oranÄ±nda zenginleÅŸti",-,HayÄ±r,100,1,101
2025-05-31 14:02,Translation,conflict_tr,"ğŸ”´ Ä°ran %60 zenginleÅŸtirilmiÅŸ uranyum Ã¼retimini hÄ±zlandÄ±rdÄ±. 

â–ªï¸42 kilogram %60 oranÄ±nda zenginleÅŸti",Ã‡ok Ã–nemli,Evet,161,44,205
2025-05-31 14:02,Final,conflict_tr,"ğŸ”´ Ä°ran %60 zenginleÅŸtirilmiÅŸ uranyum Ã¼retimini hÄ±zlandÄ±rdÄ±. 

â–ªï¸42 kilogram %60 oranÄ±nda zenginleÅŸti",Ã‡ok Ã–nemli,Evet,-,-,-
2025-05-31 14:02,Geo Filter,ww3media,"ğŸš¨Paris'te Yahudilere ait Ä°ki sinagog, bir koÅŸer restoran ve bir Holokost anÄ±tÄ±na saldÄ±rÄ± dÃ¼zenlendi.",-,HayÄ±r,70,1,71
2025-05-31 14:02,Geo Filter,ateobreaking,"âš¡**Ğ“ĞµÑ€Ğ¼Ğ°Ğ½Ğ¸Ñ Ğ½Ğµ Ğ¿Ğ¾ÑÑ‚Ğ°Ğ²Ğ¸Ñ‚ Ğ£ĞºÑ€Ğ°Ğ¸Ğ½Ğµ Ñ€Ğ°ĞºĞµÑ‚Ñ‹ Taurus,** â€” The Guardian.

ĞŸĞ¾ Ğ´Ğ°Ğ½Ğ½Ñ‹Ğ¼ Ğ¸Ğ·Ğ´Ğ°Ğ½Ğ¸Ñ, Ğ¿Ğ¾ÑÑ‚Ğ°Ğ²ĞºĞ¸ Ğ½ĞµĞ¼ĞµÑ†Ğº",-,HayÄ±r,89,1,90
2025-05-31 14:02,Translation,ateobreaking,"âš¡**Ğ“ĞµÑ€Ğ¼Ğ°Ğ½Ğ¸Ñ Ğ½Ğµ Ğ¿Ğ¾ÑÑ‚Ğ°Ğ²Ğ¸Ñ‚ Ğ£ĞºÑ€Ğ°Ğ¸Ğ½Ğµ Ñ€Ğ°ĞºĞµÑ‚Ñ‹ Taurus,** â€” The Guardian.

ĞŸĞ¾ Ğ´Ğ°Ğ½Ğ½Ñ‹Ğ¼ Ğ¸Ğ·Ğ´Ğ°Ğ½Ğ¸Ñ, Ğ¿Ğ¾ÑÑ‚Ğ°Ğ²ĞºĞ¸ Ğ½ĞµĞ¼ĞµÑ†Ğº",Ã–nemli,Evet,150,39,189
2025-05-31 14:02,Final,ateobreaking,"âš¡**Ğ“ĞµÑ€Ğ¼Ğ°Ğ½Ğ¸Ñ Ğ½Ğµ Ğ¿Ğ¾ÑÑ‚Ğ°Ğ²Ğ¸Ñ‚ Ğ£ĞºÑ€Ğ°Ğ¸Ğ½Ğµ Ñ€Ğ°ĞºĞµÑ‚Ñ‹ Taurus,** â€” The Guardian.

ĞŸĞ¾ Ğ´Ğ°Ğ½Ğ½Ñ‹Ğ¼ Ğ¸Ğ·Ğ´Ğ°Ğ½Ğ¸Ñ, Ğ¿Ğ¾ÑÑ‚Ğ°Ğ²ĞºĞ¸ Ğ½ĞµĞ¼ĞµÑ†Ğº",Ã–nemli,Evet,-,-,-
2025-05-31 14:02,Geo Filter,ateobreaking,Ğ¢Ğ¸Ğ³Ñ€Ğ°Ğ½ ĞšĞµĞ¾ÑĞ°ÑĞ½ 160 Ğ´Ğ½ĞµĞ¹ Ğ² ĞºĞ¾Ğ¼Ğµ â€” Ateo Breaking,-,HayÄ±r,55,1,56
2025-05-31 14:02,Geo Filter,ateobreaking,"**ĞĞ¿Ğ¿Ğ¾Ğ·Ğ¸Ñ†Ğ¸Ğ¾Ğ½Ğ½Ñ‹Ğ¹ ÑĞ»ĞµĞºÑ‚Ğ¾Ñ€Ğ°Ñ‚ Ğ¾Ğ±Ğ¾Ğ·Ğ½Ğ°Ñ‡Ğ¸Ğ» Ñ„Ğ°Ğ²Ğ¾Ñ€Ğ¸Ñ‚Ğ¾Ğ² Ğ½Ğ° Ğ²Ñ‹Ğ±Ğ¾Ñ€Ğ°Ñ… Ğ² Ğ“Ğ¾ÑĞ´ÑƒĞ¼Ñƒ-2026**

ĞŸĞ¾ Ğ¾Ğ¿Ñ€Ğ¾ÑÑƒ ĞĞ°Ğ´ĞµĞ¶Ğ´Ğ¸Ğ½Ğ° (10 Ñ‚",-,HayÄ±r,150,1,151
2025-05-31 14:07,Geo Filter,ww3media,"ğŸš¨Paris'te Yahudilere ait Ä°ki sinagog, bir koÅŸer restoran ve bir Holokost anÄ±tÄ±na saldÄ±rÄ± dÃ¼zenlendi.",-,HayÄ±r,70,1,71
2025-05-31 14:07,Geo Filter,ateobreaking,Ğ¢Ğ¸Ğ³Ñ€Ğ°Ğ½ ĞšĞµĞ¾ÑĞ°ÑĞ½ 160 Ğ´Ğ½ĞµĞ¹ Ğ² ĞºĞ¾Ğ¼Ğµ â€” Ateo Breaking,-,HayÄ±r,55,1,56
2025-05-31 14:07,Geo Filter,ateobreaking,"**ĞĞ¿Ğ¿Ğ¾Ğ·Ğ¸Ñ†Ğ¸Ğ¾Ğ½Ğ½Ñ‹Ğ¹ ÑĞ»ĞµĞºÑ‚Ğ¾Ñ€Ğ°Ñ‚ Ğ¾Ğ±Ğ¾Ğ·Ğ½Ğ°Ñ‡Ğ¸Ğ» Ñ„Ğ°Ğ²Ğ¾Ñ€Ğ¸Ñ‚Ğ¾Ğ² Ğ½Ğ° Ğ²Ñ‹Ğ±Ğ¾Ñ€Ğ°Ñ… Ğ² Ğ“Ğ¾ÑĞ´ÑƒĞ¼Ñƒ-2026**

ĞŸĞ¾ Ğ¾Ğ¿Ñ€Ğ¾ÑÑƒ ĞĞ°Ğ´ĞµĞ¶Ğ´Ğ¸Ğ½Ğ° (10 Ñ‚",-,HayÄ±r,150,1,151
2025-05-31 14:12,Geo Filter,ww3media,"ğŸš¨Paris'te Yahudilere ait Ä°ki sinagog, bir koÅŸer restoran ve bir Holokost anÄ±tÄ±na saldÄ±rÄ± dÃ¼zenlendi.",-,HayÄ±r,70,1,71
2025-05-31 14:12,Geo Filter,ateobreaking,Ğ¢Ğ¸Ğ³Ñ€Ğ°Ğ½ ĞšĞµĞ¾ÑĞ°ÑĞ½ 160 Ğ´Ğ½ĞµĞ¹ Ğ² ĞºĞ¾Ğ¼Ğµ â€” Ateo Breaking,-,HayÄ±r,55,1,56
2025-05-31 14:12,Geo Filter,ateobreaking,"**ĞĞ¿Ğ¿Ğ¾Ğ·Ğ¸Ñ†Ğ¸Ğ¾Ğ½Ğ½Ñ‹Ğ¹ ÑĞ»ĞµĞºÑ‚Ğ¾Ñ€Ğ°Ñ‚ Ğ¾Ğ±Ğ¾Ğ·Ğ½Ğ°Ñ‡Ğ¸Ğ» Ñ„Ğ°Ğ²Ğ¾Ñ€Ğ¸Ñ‚Ğ¾Ğ² Ğ½Ğ° Ğ²Ñ‹Ğ±Ğ¾Ñ€Ğ°Ñ… Ğ² Ğ“Ğ¾ÑĞ´ÑƒĞ¼Ñƒ-2026**

ĞŸĞ¾ Ğ¾Ğ¿Ñ€Ğ¾ÑÑƒ ĞĞ°Ğ´ĞµĞ¶Ğ´Ğ¸Ğ½Ğ° (10 Ñ‚",-,HayÄ±r,150,1,151
2025-05-31 14:18,Geo Filter,ww3media,"ğŸš¨Paris'te Yahudilere ait Ä°ki sinagog, bir koÅŸer restoran ve bir Holokost anÄ±tÄ±na saldÄ±rÄ± dÃ¼zenlendi.",-,HayÄ±r,70,1,71
2025-05-31 14:18,Geo Filter,ateobreaking,"ĞÑ€Ğ³ĞµĞ½Ñ‚Ğ¸Ğ½Ğ° Ğ¿ĞµÑ€ĞµĞºÑ€Ñ‹Ğ»Ğ° Ğ»Ğ°Ğ·ĞµĞ¹ĞºĞ¸ Ğ¼Ğ¸Ğ³Ñ€Ğ°Ğ½Ñ‚Ğ°Ğ¼: ÑƒĞ¶ĞµÑÑ‚Ğ¾Ñ‡ĞµĞ½Ñ‹ Ğ·Ğ°ĞºĞ¾Ğ½Ñ‹, Ğ° Ñ€Ğ¾Ğ´Ñ‹ Ğ¸ Ğ²ÑƒĞ·Ñ‹ ÑÑ‚Ğ°Ğ»Ğ¸ Ğ¿Ğ»Ğ°Ñ‚Ğ½Ñ‹Ğ¼Ğ¸",-,HayÄ±r,67,1,68
2025-05-31 14:18,Geo Filter,ateobreaking,Ğ¢Ğ¸Ğ³Ñ€Ğ°Ğ½ ĞšĞµĞ¾ÑĞ°ÑĞ½ 160 Ğ´Ğ½ĞµĞ¹ Ğ² ĞºĞ¾Ğ¼Ğµ â€” Ateo Breaking,-,HayÄ±r,55,1,56
2025-05-31 14:18,Geo Filter,ateobreaking,"**ĞĞ¿Ğ¿Ğ¾Ğ·Ğ¸Ñ†Ğ¸Ğ¾Ğ½Ğ½Ñ‹Ğ¹ ÑĞ»ĞµĞºÑ‚Ğ¾Ñ€Ğ°Ñ‚ Ğ¾Ğ±Ğ¾Ğ·Ğ½Ğ°Ñ‡Ğ¸Ğ» Ñ„Ğ°Ğ²Ğ¾Ñ€Ğ¸Ñ‚Ğ¾Ğ² Ğ½Ğ° Ğ²Ñ‹Ğ±Ğ¾Ñ€Ğ°Ñ… Ğ² Ğ“Ğ¾ÑĞ´ÑƒĞ¼Ñƒ-2026**

ĞŸĞ¾ Ğ¾Ğ¿Ñ€Ğ¾ÑÑƒ ĞĞ°Ğ´ĞµĞ¶Ğ´Ğ¸Ğ½Ğ° (10 Ñ‚",-,HayÄ±r,150,1,151
2025-05-31 14:23,Geo Filter,ww3media,"ğŸš¨Paris'te Yahudilere ait Ä°ki sinagog, bir koÅŸer restoran ve bir Holokost anÄ±tÄ±na saldÄ±rÄ± dÃ¼zenlendi.",-,HayÄ±r,70,1,71
2025-05-31 14:23,Geo Filter,ateobreaking,"ĞÑ€Ğ³ĞµĞ½Ñ‚Ğ¸Ğ½Ğ° Ğ¿ĞµÑ€ĞµĞºÑ€Ñ‹Ğ»Ğ° Ğ»Ğ°Ğ·ĞµĞ¹ĞºĞ¸ Ğ¼Ğ¸Ğ³Ñ€Ğ°Ğ½Ñ‚Ğ°Ğ¼: ÑƒĞ¶ĞµÑÑ‚Ğ¾Ñ‡ĞµĞ½Ñ‹ Ğ·Ğ°ĞºĞ¾Ğ½Ñ‹, Ğ° Ñ€Ğ¾Ğ´Ñ‹ Ğ¸ Ğ²ÑƒĞ·Ñ‹ ÑÑ‚Ğ°Ğ»Ğ¸ Ğ¿Ğ»Ğ°Ñ‚Ğ½Ñ‹Ğ¼Ğ¸",-,HayÄ±r,67,1,68
2025-05-31 14:23,Geo Filter,ateobreaking,Ğ¢Ğ¸Ğ³Ñ€Ğ°Ğ½ ĞšĞµĞ¾ÑĞ°ÑĞ½ 160 Ğ´Ğ½ĞµĞ¹ Ğ² ĞºĞ¾Ğ¼Ğµ â€” Ateo Breaking,-,HayÄ±r,55,1,56
2025-05-31 14:23,Geo Filter,ateobreaking,"**ĞĞ¿Ğ¿Ğ¾Ğ·Ğ¸Ñ†Ğ¸Ğ¾Ğ½Ğ½Ñ‹Ğ¹ ÑĞ»ĞµĞºÑ‚Ğ¾Ñ€Ğ°Ñ‚ Ğ¾Ğ±Ğ¾Ğ·Ğ½Ğ°Ñ‡Ğ¸Ğ» Ñ„Ğ°Ğ²Ğ¾Ñ€Ğ¸Ñ‚Ğ¾Ğ² Ğ½Ğ° Ğ²Ñ‹Ğ±Ğ¾Ñ€Ğ°Ñ… Ğ² Ğ“Ğ¾ÑĞ´ÑƒĞ¼Ñƒ-2026**

ĞŸĞ¾ Ğ¾Ğ¿Ñ€Ğ¾ÑÑƒ ĞĞ°Ğ´ĞµĞ¶Ğ´Ğ¸Ğ½Ğ° (10 Ñ‚",-,HayÄ±r,150,1,151
2025-05-31 14:28,Geo Filter,ww3media,"ğŸš¨Paris'te Yahudilere ait Ä°ki sinagog, bir koÅŸer restoran ve bir Holokost anÄ±tÄ±na saldÄ±rÄ± dÃ¼zenlendi.",-,HayÄ±r,70,1,71
2025-05-31 14:28,Geo Filter,ateobreaking,"ĞÑ€Ğ³ĞµĞ½Ñ‚Ğ¸Ğ½Ğ° Ğ¿ĞµÑ€ĞµĞºÑ€Ñ‹Ğ»Ğ° Ğ»Ğ°Ğ·ĞµĞ¹ĞºĞ¸ Ğ¼Ğ¸Ğ³Ñ€Ğ°Ğ½Ñ‚Ğ°Ğ¼: ÑƒĞ¶ĞµÑÑ‚Ğ¾Ñ‡ĞµĞ½Ñ‹ Ğ·Ğ°ĞºĞ¾Ğ½Ñ‹, Ğ° Ñ€Ğ¾Ğ´Ñ‹ Ğ¸ Ğ²ÑƒĞ·Ñ‹ ÑÑ‚Ğ°Ğ»Ğ¸ Ğ¿Ğ»Ğ°Ñ‚Ğ½Ñ‹Ğ¼Ğ¸",-,HayÄ±r,67,1,68
2025-05-31 14:28,Geo Filter,ateobreaking,Ğ¢Ğ¸Ğ³Ñ€Ğ°Ğ½ ĞšĞµĞ¾ÑĞ°ÑĞ½ 160 Ğ´Ğ½ĞµĞ¹ Ğ² ĞºĞ¾Ğ¼Ğµ â€” Ateo Breaking,-,HayÄ±r,55,1,56
2025-05-31 14:28,Geo Filter,ateobreaking,"**ĞĞ¿Ğ¿Ğ¾Ğ·Ğ¸Ñ†Ğ¸Ğ¾Ğ½Ğ½Ñ‹Ğ¹ ÑĞ»ĞµĞºÑ‚Ğ¾Ñ€Ğ°Ñ‚ Ğ¾Ğ±Ğ¾Ğ·Ğ½Ğ°Ñ‡Ğ¸Ğ» Ñ„Ğ°Ğ²Ğ¾Ñ€Ğ¸Ñ‚Ğ¾Ğ² Ğ½Ğ° Ğ²Ñ‹Ğ±Ğ¾Ñ€Ğ°Ñ… Ğ² Ğ“Ğ¾ÑĞ´ÑƒĞ¼Ñƒ-2026**

ĞŸĞ¾ Ğ¾Ğ¿Ñ€Ğ¾ÑÑƒ ĞĞ°Ğ´ĞµĞ¶Ğ´Ğ¸Ğ½Ğ° (10 Ñ‚",-,HayÄ±r,150,1,151
2025-05-31 14:33,Geo Filter,ww3media,"ğŸš¨Paris'te Yahudilere ait Ä°ki sinagog, bir koÅŸer restoran ve bir Holokost anÄ±tÄ±na saldÄ±rÄ± dÃ¼zenlendi.",-,HayÄ±r,70,1,71
2025-05-31 14:33,Geo Filter,ateobreaking,"ĞÑ€Ğ³ĞµĞ½Ñ‚Ğ¸Ğ½Ğ° Ğ¿ĞµÑ€ĞµĞºÑ€Ñ‹Ğ»Ğ° Ğ»Ğ°Ğ·ĞµĞ¹ĞºĞ¸ Ğ¼Ğ¸Ğ³Ñ€Ğ°Ğ½Ñ‚Ğ°Ğ¼: ÑƒĞ¶ĞµÑÑ‚Ğ¾Ñ‡ĞµĞ½Ñ‹ Ğ·Ğ°ĞºĞ¾Ğ½Ñ‹, Ğ° Ñ€Ğ¾Ğ´Ñ‹ Ğ¸ Ğ²ÑƒĞ·Ñ‹ ÑÑ‚Ğ°Ğ»Ğ¸ Ğ¿Ğ»Ğ°Ñ‚Ğ½Ñ‹Ğ¼Ğ¸",-,HayÄ±r,67,1,68
2025-05-31 14:33,Geo Filter,ateobreaking,Ğ¢Ğ¸Ğ³Ñ€Ğ°Ğ½ ĞšĞµĞ¾ÑĞ°ÑĞ½ 160 Ğ´Ğ½ĞµĞ¹ Ğ² ĞºĞ¾Ğ¼Ğµ â€” Ateo Breaking,-,HayÄ±r,55,1,56
2025-05-31 14:33,Geo Filter,ateobreaking,"**ĞĞ¿Ğ¿Ğ¾Ğ·Ğ¸Ñ†Ğ¸Ğ¾Ğ½Ğ½Ñ‹Ğ¹ ÑĞ»ĞµĞºÑ‚Ğ¾Ñ€Ğ°Ñ‚ Ğ¾Ğ±Ğ¾Ğ·Ğ½Ğ°Ñ‡Ğ¸Ğ» Ñ„Ğ°Ğ²Ğ¾Ñ€Ğ¸Ñ‚Ğ¾Ğ² Ğ½Ğ° Ğ²Ñ‹Ğ±Ğ¾Ñ€Ğ°Ñ… Ğ² Ğ“Ğ¾ÑĞ´ÑƒĞ¼Ñƒ-2026**

ĞŸĞ¾ Ğ¾Ğ¿Ñ€Ğ¾ÑÑƒ ĞĞ°Ğ´ĞµĞ¶Ğ´Ğ¸Ğ½Ğ° (10 Ñ‚",-,HayÄ±r,150,1,151
2025-05-31 14:37,Geo Filter,ww3media,"ğŸš¨Paris'te Yahudilere ait Ä°ki sinagog, bir koÅŸer restoran ve bir Holokost anÄ±tÄ±na saldÄ±rÄ± dÃ¼zenlendi.",-,HayÄ±r,70,1,71
2025-05-31 14:37,Geo Filter,ateobreaking,"ĞÑ€Ğ³ĞµĞ½Ñ‚Ğ¸Ğ½Ğ° Ğ¿ĞµÑ€ĞµĞºÑ€Ñ‹Ğ»Ğ° Ğ»Ğ°Ğ·ĞµĞ¹ĞºĞ¸ Ğ¼Ğ¸Ğ³Ñ€Ğ°Ğ½Ñ‚Ğ°Ğ¼: ÑƒĞ¶ĞµÑÑ‚Ğ¾Ñ‡ĞµĞ½Ñ‹ Ğ·Ğ°ĞºĞ¾Ğ½Ñ‹, Ğ° Ñ€Ğ¾Ğ´Ñ‹ Ğ¸ Ğ²ÑƒĞ·Ñ‹ ÑÑ‚Ğ°Ğ»Ğ¸ Ğ¿Ğ»Ğ°Ñ‚Ğ½Ñ‹Ğ¼Ğ¸",-,HayÄ±r,67,1,68
2025-05-31 14:37,Geo Filter,ateobreaking,Ğ¢Ğ¸Ğ³Ñ€Ğ°Ğ½ ĞšĞµĞ¾ÑĞ°ÑĞ½ 160 Ğ´Ğ½ĞµĞ¹ Ğ² ĞºĞ¾Ğ¼Ğµ â€” Ateo Breaking,-,HayÄ±r,55,1,56
